text,label
"This movie is absolutely fantastic! Great acting and storyline.",positive
"I loved every minute of it. Brilliant cinematography and direction.",positive
"One of the best films I've ever seen. Highly recommended!",positive
"Amazing performances by all actors. A masterpiece!",positive
"Incredible visual effects and compelling narrative.",positive
"Outstanding movie with excellent character development.",positive
"A truly inspiring and beautiful film experience.",positive
"Superb acting and an engaging plot throughout.",positive
"This film exceeded all my expectations. Perfect!",positive
"Wonderfully crafted with great attention to detail.",positive
"The best movie of the year! Absolutely stunning.",positive
"Brilliant script and phenomenal performances.",positive
"A cinematic gem that will stay with you forever.",positive
"Expertly directed with incredible emotional depth.",positive
"This movie is pure gold. Cannot recommend enough!",positive
"Fascinating story with incredible visual storytelling.",positive
"The acting is top-notch and the story is captivating.",positive
"A beautiful and moving film that touches your heart.",positive
"Excellent production values and stellar performances.",positive
"This film is a work of art. Simply magnificent!",positive
"This movie is terrible. Waste of time and money.",negative
"Boring plot and poor acting. Very disappointing.",negative
"I couldn't even finish watching it. Awful!",negative
"Completely overrated and poorly executed.",negative
"The worst film I've seen this year.",negative
"Terrible script and unconvincing performances.",negative
"A complete disaster from start to finish.",negative
"Poorly directed with no coherent storyline.",negative
"Absolutely horrible. Don't bother watching.",negative
"This movie is a complete failure in every aspect.",negative
"Incredibly boring and predictable plot.",negative
"Poor character development and weak dialogue.",negative
"A disappointing mess with no redeeming qualities.",negative
"Terrible acting and confusing narrative.",negative
"This film is painful to watch. Avoid at all costs!",negative
"Poorly written with unconvincing character arcs.",negative
"A boring and uninspired piece of cinema.",negative
"Completely lacks substance and entertainment value.",negative
"Awful direction and terrible pacing throughout.",negative
"This movie is a waste of everyone's time.",negative
"The movie was okay, nothing particularly special.",neutral
"It's an average film with some good and bad parts.",neutral
"Not bad, but not great either. Just mediocre.",neutral
"The movie is fine, but I've seen better.",neutral
"It's watchable but forgettable entertainment.",neutral
"The film has its moments but overall is average.",neutral
"Decent movie but nothing to write home about.",neutral
"It's an okay film with some interesting elements.",neutral
"The movie is alright, though it could be better.",neutral
"Moderately entertaining but not exceptional.",neutral
"A reasonable film with mixed results.",neutral
"The movie is adequate but lacks wow factor.",neutral
"It's a standard film with typical storytelling.",neutral
"The movie is fair but doesn't stand out.",neutral
"Acceptable entertainment with room for improvement.",neutral
"The film is passable but not memorable.",neutral
"It's an average production with standard quality.",neutral
"The movie is tolerable but uninspiring.",neutral
"Decent enough but nothing groundbreaking.",neutral
"The film is satisfactory but not remarkable.",neutral